{
	"credit": "Designed with Blockbench by pnamota/Sprint",
	"texture_size": [32, 32],
	"textures": {
		"0": "gavel/gavel_yellow",
		"particle": "gavel/gavel_yellow"
	},
	"elements": [
		{
			"from": [7.5, 1, 7.5],
			"to": [8.5, 10, 8.5],
			"rotation": {"angle": 0, "axis": "y", "origin": [-0.5, 0, -0.5]},
			"faces": {
				"north": {"uv": [0.016, 0.016, 0.484, 4.484], "texture": "#0"},
				"east": {"uv": [1.016, 0.016, 1.484, 4.484], "texture": "#0"},
				"south": {"uv": [2.016, 0.016, 2.484, 4.484], "texture": "#0"},
				"west": {"uv": [3.016, 0.016, 3.484, 4.484], "texture": "#0"},
				"up": {"uv": [3.484, 5.484, 3.016, 5.016], "texture": "#0"},
				"down": {"uv": [8.984, 8.516, 8.516, 8.984], "texture": "#0"}
			}
		},
		{
			"from": [7.2, 8, 7.2],
			"to": [8.8, 9, 8.8],
			"rotation": {"angle": 0, "axis": "y", "origin": [-0.2, 0, -0.8]},
			"faces": {
				"north": {"uv": [7.016, 1.516, 7.984, 1.984], "texture": "#0"},
				"east": {"uv": [7.016, 2.516, 7.984, 2.984], "texture": "#0"},
				"south": {"uv": [7.016, 3.516, 7.984, 3.984], "texture": "#0"},
				"west": {"uv": [7.016, 4.516, 7.984, 4.984], "texture": "#0"},
				"up": {"uv": [4.984, 0.984, 4.016, 0.016], "texture": "#0"},
				"down": {"uv": [4.984, 1.516, 4.016, 2.484], "texture": "#0"}
			}
		},
		{
			"from": [7.3, 0, 7.3],
			"to": [8.7, 1, 8.7],
			"rotation": {"angle": 0, "axis": "y", "origin": [-0.2, 0, -0.8]},
			"faces": {
				"north": {"uv": [9.016, 9.516, 9.484, 9.984], "texture": "#0"},
				"east": {"uv": [0.016, 10.016, 0.484, 10.484], "texture": "#0"},
				"south": {"uv": [1.016, 10.016, 1.484, 10.484], "texture": "#0"},
				"west": {"uv": [10.016, 1.016, 10.484, 1.484], "texture": "#0"},
				"up": {"uv": [2.484, 10.484, 2.016, 10.016], "texture": "#0"},
				"down": {"uv": [10.484, 2.016, 10.016, 2.484], "texture": "#0"}
			}
		},
		{
			"from": [7, 9.9, 8.9],
			"to": [9, 11.9, 9.5],
			"rotation": {"angle": 0, "axis": "y", "origin": [8, 10.9, 8]},
			"faces": {
				"north": {"uv": [5.516, 0.016, 6.484, 0.984], "texture": "#0"},
				"east": {"uv": [7.516, 8.016, 7.984, 8.984], "texture": "#0"},
				"south": {"uv": [5.516, 1.516, 6.484, 2.484], "texture": "#0"},
				"west": {"uv": [8.516, 0.016, 8.984, 0.984], "texture": "#0"},
				"up": {"uv": [9.484, 1.984, 8.516, 1.516], "texture": "#0"},
				"down": {"uv": [9.484, 2.516, 8.516, 2.984], "texture": "#0"}
			}
		},
		{
			"from": [7, 9.9, 6.5],
			"to": [9, 11.9, 7.1],
			"rotation": {"angle": 0, "axis": "y", "origin": [8, 10.9, 8]},
			"faces": {
				"north": {"uv": [5.516, 3.016, 6.484, 3.984], "texture": "#0"},
				"east": {"uv": [8.516, 3.516, 8.984, 4.484], "texture": "#0"},
				"south": {"uv": [5.516, 4.516, 6.484, 5.484], "texture": "#0"},
				"west": {"uv": [5.016, 8.516, 5.484, 9.484], "texture": "#0"},
				"up": {"uv": [9.484, 6.984, 8.516, 6.516], "texture": "#0"},
				"down": {"uv": [9.484, 7.516, 8.516, 7.984], "texture": "#0"}
			}
		},
		{
			"from": [7.1, 10, 7],
			"to": [8.9, 11.8, 9],
			"rotation": {"angle": 0, "axis": "y", "origin": [8, 10.9, 8]},
			"faces": {
				"north": {"uv": [3.016, 6.016, 3.984, 6.984], "texture": "#0"},
				"east": {"uv": [4.516, 6.016, 5.484, 6.984], "texture": "#0"},
				"south": {"uv": [6.016, 6.016, 6.984, 6.984], "texture": "#0"},
				"west": {"uv": [0.016, 6.516, 0.984, 7.484], "texture": "#0"},
				"up": {"uv": [2.484, 7.484, 1.516, 6.516], "texture": "#0"},
				"down": {"uv": [7.984, 0.016, 7.016, 0.984], "texture": "#0"}
			}
		},
		{
			"from": [7, 9.9, 4.9],
			"to": [9, 11.9, 5.9],
			"rotation": {"angle": 0, "axis": "y", "origin": [8, 10.9, 8]},
			"faces": {
				"north": {"uv": [4.016, 3.016, 4.984, 3.984], "texture": "#0"},
				"east": {"uv": [3.016, 7.516, 3.484, 8.484], "texture": "#0"},
				"south": {"uv": [4.016, 4.516, 4.984, 5.484], "texture": "#0"},
				"west": {"uv": [4.016, 7.516, 4.484, 8.484], "texture": "#0"},
				"up": {"uv": [5.984, 7.984, 5.016, 7.516], "texture": "#0"},
				"down": {"uv": [8.484, 5.516, 7.516, 5.984], "texture": "#0"}
			}
		},
		{
			"from": [7, 9.9, 10.1],
			"to": [9, 11.9, 11.1],
			"rotation": {"angle": 0, "axis": "y", "origin": [8, 10.9, 8]},
			"faces": {
				"north": {"uv": [0.016, 5.016, 0.984, 5.984], "texture": "#0"},
				"east": {"uv": [6.516, 7.516, 6.984, 8.484], "texture": "#0"},
				"south": {"uv": [1.516, 5.016, 2.484, 5.984], "texture": "#0"},
				"west": {"uv": [7.516, 6.516, 7.984, 7.484], "texture": "#0"},
				"up": {"uv": [0.984, 8.484, 0.016, 8.016], "texture": "#0"},
				"down": {"uv": [2.484, 8.016, 1.516, 8.484], "texture": "#0"}
			}
		},
		{
			"from": [7.3, 10.2, 9.5],
			"to": [8.7, 11.6, 10.1],
			"rotation": {"angle": 0, "axis": "y", "origin": [8, 10.9, 8]},
			"faces": {
				"north": {"uv": [0.016, 9.016, 0.484, 9.484], "texture": "#0"},
				"east": {"uv": [1.016, 9.016, 1.484, 9.484], "texture": "#0"},
				"south": {"uv": [2.016, 9.016, 2.484, 9.484], "texture": "#0"},
				"west": {"uv": [3.016, 9.016, 3.484, 9.484], "texture": "#0"},
				"up": {"uv": [4.484, 9.484, 4.016, 9.016], "texture": "#0"},
				"down": {"uv": [9.484, 5.016, 9.016, 5.484], "texture": "#0"}
			}
		},
		{
			"from": [7.3, 10.2, 5.9],
			"to": [8.7, 11.6, 6.5],
			"rotation": {"angle": 0, "axis": "y", "origin": [8, 10.9, 8]},
			"faces": {
				"north": {"uv": [6.016, 9.016, 6.484, 9.484], "texture": "#0"},
				"east": {"uv": [9.516, 0.016, 9.984, 0.484], "texture": "#0"},
				"south": {"uv": [9.516, 3.516, 9.984, 3.984], "texture": "#0"},
				"west": {"uv": [7.016, 9.516, 7.484, 9.984], "texture": "#0"},
				"up": {"uv": [8.484, 9.984, 8.016, 9.516], "texture": "#0"},
				"down": {"uv": [9.984, 8.516, 9.516, 8.984], "texture": "#0"}
			}
		}
	],
	"display": {
		"thirdperson_righthand": {
			"translation": [0, 2.5, 1.25]
		},
		"thirdperson_lefthand": {
			"translation": [0, 2.5, 1.25]
		},
		"firstperson_righthand": {
			"translation": [0, 2.5, 1.25]
		},
		"firstperson_lefthand": {
			"translation": [0, 2.5, 1.25]
		},
		"ground": {
			"translation": [0, 5, 0]
		},
		"gui": {
			"rotation": [64, 44, -40],
			"translation": [0, 1, 0],
			"scale": [1.2, 1.2, 1.2]
		},
		"fixed": {
			"rotation": [0, 90, 0],
			"translation": [0, 1.5, 0],
			"scale": [1.2, 1.2, 1.2]
		}
	}
}